baseline_id,windows,der,miss_rate,fa_rate,conf_rate
fast_base,15,0.4834733333333334,0.4381266666666667,0.01279333333333333,0.03253333333333334
slow_base,15,0.17919999999999994,0.07925333333333334,0.02793333333333334,0.07201333333333332
rule_recover_policy_sweep_best,15,0.41158666666666666,0.2713933333333333,0.02554,0.11467999999999999
rule_recover_matched_label,15,0.4115933333333333,0.2713933333333333,0.02674666666666666,0.11347333333333333
rule_recover_uncovered_only,15,0.41396666666666665,0.2901133333333333,0.013066666666666666,0.11080666666666668
