baseline_id,windows,der,miss_rate,fa_rate,conf_rate
fast_base,15,0.30169999999999997,0.21901333333333334,0.021773333333333332,0.06091333333333334
slow_base,15,0.1646933333333333,0.02544666666666667,0.03507333333333333,0.10416666666666667
rule_recover_policy_sweep_best,15,0.28071999999999997,0.16907333333333333,0.02318,0.08847999999999999
rule_recover_matched_label,15,0.27785999999999994,0.16550666666666666,0.023393333333333332,0.08897999999999999
rule_recover_uncovered_only,15,0.28277333333333327,0.17162000000000002,0.02297333333333333,0.08819333333333332
