final_delta_vs_oracle_pp,final_delta_vs_slow_pp,final_der,oracle_der,recording_id,slow_der,windows
2.7755575615628914e-15,-2.7755575615628914e-15,0.17919999999999997,0.17919999999999994,R8001_M8004,0.17919999999999994,15
-0.004666666666658381,2.3313333333333297,0.35889333333333334,0.3589399999999999,R8003_M8001,0.38220666666666664,15
0.0013333333333365172,0.03399999999999792,0.24348000000000003,0.24346666666666666,R8007_M8010,0.24382,15
-0.0013333333333337416,0.5893333333333306,0.1588,0.15881333333333333,R8007_M8011,0.1646933333333333,15
2.7755575615628914e-15,-2.7755575615628914e-15,0.16668666666666668,0.16668666666666665,R8008_M8013,0.16668666666666665,15
0.02333333333333354,0.03333333333333244,0.10303333333333332,0.10279999999999999,R8009_M8018,0.10336666666666665,15
0.07866666666666577,0.11733333333333318,0.05651333333333333,0.055726666666666674,R8009_M8019,0.057686666666666664,15
-0.0033333333333329662,0.0033333333333329662,0.05278,0.05281333333333333,R8009_M8020,0.05281333333333333,15
