avg_delta_vs_slow_pp,avg_final_der,avg_slow_der,final_source,global_contribution_vs_slow_pp,negative_windows_vs_slow,recording_ids,total_delta_vs_slow_pp,windows
34.880000000000024,3.2459,3.5947,fast_guard_fallback,0.29066666666666685,0,['R8003_M8001'],34.880000000000024,1
8.499999999999996,0.3416,0.4266,rare_audio_rule_recover,0.0708333333333333,0,['R8007_M8011'],8.499999999999996,1
1.04,0.0225,0.0329,rare_short_slow_rule_recover,0.017333333333333336,0,"['R8007_M8011', 'R8009_M8019']",2.08,2
0.48999999999999877,0.1608,0.1657,recording_balanced_fast_overlay,0.004083333333333323,0,['R8009_M8018'],0.48999999999999877,1
0.5299999999999971,0.2936,0.2989,recording_context_fast_overlay,0.0044166666666666425,0,['R8007_M8010'],0.5299999999999971,1
0.0,0.1377535087719298,0.1377535087719298,slow,0.0,0,"['R8001_M8004', 'R8003_M8001', 'R8007_M8010', 'R8007_M8011', 'R8008_M8013', 'R8009_M8018', 'R8009_M8019', 'R8009_M8020']",0.0,114
