baseline_id,windows,der,miss_rate,fa_rate,conf_rate
fast_base,15,0.13310666666666665,0.08709333333333331,0.04300666666666666,0.0029933333333333335
slow_base,15,0.05281333333333333,0.03614,0.016366666666666668,0.0003133333333333333
rule_recover_policy_sweep_best,15,0.13016666666666665,0.08202,0.044033333333333334,0.00412
rule_recover_matched_label,15,0.13268666666666665,0.08152,0.04708,0.004093333333333333
rule_recover_uncovered_only,15,0.13016666666666665,0.08202,0.044033333333333334,0.00412
