heldout_beats_slow,heldout_delta_vs_slow,heldout_delta_vs_slow_pp,heldout_der,heldout_recording_id,heldout_slow_der,selected_policy_id,train_der
False,-0.00013333333333342967,-0.013333333333342967,0.17933333333333337,R8001_M8004,0.17919999999999994,boundary_expand__modemean__pad0p1__search_pad0p25__max_total_expand_sec0p1__min_active_sec0p05__prevent_same_speaker_overlapTrue,0.1672685714285715
False,-0.0006799999999999584,-0.06799999999999584,0.3828866666666666,R8003_M8001,0.38220666666666664,boundary_expand__modemean__pad0p1__search_pad0p25__max_total_expand_sec0p1__min_active_sec0p05__prevent_same_speaker_overlapTrue,0.13818952380952382
False,-0.00013333333333331865,-0.013333333333331865,0.24395333333333333,R8007_M8010,0.24382,boundary_expand__modemean__pad0p1__search_pad0p5__max_total_expand_sec0p1__min_active_sec0p05__prevent_same_speaker_overlapTrue,0.15805047619047619
False,-0.00040666666666669404,-0.040666666666669404,0.1651,R8007_M8011,0.1646933333333333,boundary_expand__modemean__pad0p1__search_pad0p25__max_total_expand_sec0p1__min_active_sec0p05__prevent_same_speaker_overlapTrue,0.16930190476190476
False,-0.00012000000000000899,-0.012000000000000899,0.16680666666666666,R8008_M8013,0.16668666666666665,boundary_expand__modemean__pad0p1__search_pad0p25__max_total_expand_sec0p1__min_active_sec0p05__prevent_same_speaker_overlapTrue,0.16905809523809526
True,0.00013333333333333253,0.013333333333333253,0.10323333333333332,R8009_M8018,0.10336666666666665,boundary_expand__modemean__pad0p1__search_pad0p25__max_total_expand_sec0p1__min_active_sec0p05__prevent_same_speaker_overlapTrue,0.17813999999999997
False,0.0,0.0,0.057686666666666664,R8009_M8019,0.057686666666666664,slow,0.18468380952380953
False,0.0,0.0,0.05281333333333333,R8009_M8020,0.05281333333333333,slow,0.18538
