baseline_id,windows,der,miss_rate,fa_rate,conf_rate
fast_base,120,0.28563749999999977,0.19956583333333353,0.05408166666666665,0.03198083333333334
slow_base,120,0.16880916666666668,0.049854166666666665,0.06916249999999999,0.049790000000000015
rule_recover_policy_sweep_best,120,0.2639749999999999,0.1557166666666667,0.05773166666666667,0.0505241666666667
rule_recover_matched_label,120,0.26431499999999986,0.1539316666666667,0.060157499999999996,0.05022750000000004
rule_recover_uncovered_only,120,0.26526083333333317,0.1595,0.05544666666666666,0.05031250000000003
