recording_id,windows,fast_der,final_der,der_delta_vs_fast_pp,first_output_latency_proxy_avg_sec,first_output_latency_proxy_p95_sec,rule_writeback_latency_proxy_avg_sec,rule_writeback_latency_proxy_p95_sec
R8001_M8004,15,0.4834733333333334,0.17919999999999997,30.427333333333344,0.37524487177530924,0.39993906021118164,24.34170176188151,27.43686604499817
R8003_M8001,15,0.4537866666666667,0.35889333333333334,9.489333333333338,0.40273276964823407,0.4442613124847412,22.71759425799052,24.900646924972534
R8007_M8010,15,0.35314666666666666,0.24348000000000003,10.966666666666663,0.36642576853434244,0.3797791004180908,23.923122612635293,25.513500928878784
R8007_M8011,15,0.30169999999999997,0.1588,14.289999999999997,0.38335590362548827,0.4245281219482422,23.91274948120117,25.3293399810791
R8008_M8013,15,0.28669999999999995,0.16668666666666668,12.001333333333328,0.40190598169962566,0.45487213134765625,24.405435689290364,25.52512216567993
R8009_M8018,15,0.14543999999999996,0.10303333333333332,4.240666666666663,0.3912283579508464,0.4643871784210205,27.182556104660033,34.01345992088318
R8009_M8019,15,0.12774666666666668,0.05651333333333333,7.123333333333334,0.3767347971598307,0.40117406845092773,25.42807610829671,26.66541290283203
R8009_M8020,15,0.13310666666666665,0.05278,8.032666666666666,0.366119114557902,0.37763261795043945,25.263820711771647,28.096867084503174
