baseline_id,windows,der,miss_rate,fa_rate,conf_rate
fast_base,15,0.12774666666666668,0.09748666666666668,0.02851333333333333,0.001726666666666667
slow_base,15,0.057686666666666664,0.03597333333333333,0.02102666666666667,0.0007066666666666666
rule_recover_policy_sweep_best,15,0.11420000000000001,0.08286666666666666,0.029586666666666664,0.001726666666666667
rule_recover_matched_label,15,0.11420000000000001,0.08286666666666666,0.029586666666666664,0.001726666666666667
rule_recover_uncovered_only,15,0.11420000000000001,0.08286666666666666,0.029586666666666664,0.001726666666666667
