heldout_base_der,heldout_beats_base,heldout_delta_vs_base,heldout_delta_vs_base_pp,heldout_final_der,heldout_recording_id,heldout_selected_windows,heldout_slow_der,heldout_windows,selected_policy_id,train_base_der,train_final_der
0.17919999999999994,False,0.0,0.0,0.17919999999999994,R8001_M8004,0,0.17919999999999994,15,if_audio_speech_sec_>=_18.605_then_rule_recover_uncovered_only_else_default_guarded_selector,0.16400095238095241,0.16319142857142857
0.3589399999999999,False,0.0,0.0,0.3589399999999999,R8003_M8001,0,0.38220666666666664,15,if_audio_speech_sec_>=_18.245_then_rule_recover_uncovered_only_else_default_guarded_selector,0.13832380952380946,0.13751428571428567
0.24382,False,0.0,0.0,0.24382,R8007_M8010,0,0.24382,15,if_boundary_fix_or_relabel_>=_14_AND_fast_audio_speech_overrun_sec_<=_9.6_then_rule_recover_uncovered_only_else_default_guarded_selector,0.1547695238095238,0.15392571428571428
0.1646933333333333,False,0.0,0.0,0.1646933333333333,R8007_M8011,0,0.1646933333333333,15,if_slow_segments_<=_2_then_rule_recover_uncovered_only_else_default_guarded_selector,0.16607333333333332,0.16590666666666665
0.16668666666666665,False,0.0,0.0,0.16668666666666665,R8008_M8013,0,0.16668666666666665,15,if_audio_speech_sec_>=_19.81_then_rule_recover_uncovered_only_else_default_guarded_selector,0.16578857142857142,0.16497904761904764
0.10336666666666665,False,0.0,0.0,0.10336666666666665,R8009_M8018,0,0.10336666666666665,15,if_audio_speech_sec_>=_18.605_then_rule_recover_uncovered_only_else_default_guarded_selector,0.17483428571428572,0.17402476190476193
0.057686666666666664,False,0.0,0.0,0.057686666666666664,R8009_M8019,0,0.057686666666666664,15,if_audio_speech_sec_>=_19.81_then_rule_recover_uncovered_only_else_default_guarded_selector,0.18136,0.1805504761904762
0.05281333333333333,False,-0.039806666666666664,-3.9806666666666666,0.09262,R8009_M8020,4,0.05281333333333333,15,if_audio_max_speech_sec_>=_17.12_AND_keep_fast_supported_>=_5_then_rule_recover_uncovered_only_else_default_guarded_selector,0.18205619047619048,0.1812
