heldout_beats_slow,heldout_delta_vs_slow,heldout_delta_vs_slow_pp,heldout_der,heldout_recording_id,heldout_slow_der,selected_policy_id,train_der
False,0.0,0.0,0.17919999999999994,R8001_M8004,0.17919999999999994,slow,0.16732476190476192
False,0.0,0.0,0.38220666666666664,R8003_M8001,0.38220666666666664,slow,0.13832380952380946
False,0.0,0.0,0.24382,R8007_M8010,0.24382,slow,0.1580933333333333
False,0.0,0.0,0.1646933333333333,R8007_M8011,0.1646933333333333,slow,0.16939714285714288
False,0.0,0.0,0.16668666666666665,R8008_M8013,0.16668666666666665,slow,0.16911238095238101
False,0.0,0.0,0.10336666666666665,R8009_M8018,0.10336666666666665,slow,0.17815809523809525
False,0.0,0.0,0.057686666666666664,R8009_M8019,0.057686666666666664,slow,0.18468380952380953
False,0.0,0.0,0.05281333333333333,R8009_M8020,0.05281333333333333,slow,0.18538
