status,recording_id,label,output_dir,windows_processed,recordings_processed,evaluation_status,final_der,fast_der,delta_vs_fast_pp,beats_best_baseline,timeline_integrity_status,timeline_rows,same_speaker_overlap_count,duration_sec,deepseek_api_calls,qwen_api_calls,omni_api_calls
pass,R8001_M8004,R8001_M8004,outputs/realtime_batch/all_cached/items/R8001_M8004,15,1,scored_with_cached_reference,0.17919999999999997,0.4834733333333334,30.427333333333344,False,pass,217,0,0.6807973384857178,0,0,0
pass,R8003_M8001,R8003_M8001,outputs/realtime_batch/all_cached/items/R8003_M8001,15,1,scored_with_cached_reference,0.35889333333333334,0.4537866666666667,9.489333333333338,True,pass,164,0,0.6788330078125,0,0,0
pass,R8007_M8010,R8007_M8010,outputs/realtime_batch/all_cached/items/R8007_M8010,15,1,scored_with_cached_reference,0.24348000000000003,0.35314666666666666,10.966666666666663,True,pass,279,0,0.639899730682373,0,0,0
pass,R8007_M8011,R8007_M8011,outputs/realtime_batch/all_cached/items/R8007_M8011,15,1,scored_with_cached_reference,0.1588,0.30169999999999997,14.289999999999997,True,pass,178,0,0.5902552604675293,0,0,0
pass,R8008_M8013,R8008_M8013,outputs/realtime_batch/all_cached/items/R8008_M8013,15,1,scored_with_cached_reference,0.16668666666666668,0.28669999999999995,12.001333333333328,False,pass,188,0,0.62630295753479,0,0,0
pass,R8009_M8018,R8009_M8018,outputs/realtime_batch/all_cached/items/R8009_M8018,15,1,scored_with_cached_reference,0.10303333333333332,0.14543999999999996,4.240666666666663,True,pass,104,0,0.5971972942352295,0,0,0
pass,R8009_M8019,R8009_M8019,outputs/realtime_batch/all_cached/items/R8009_M8019,15,1,scored_with_cached_reference,0.05651333333333333,0.12774666666666668,7.123333333333334,True,pass,147,0,0.5778100490570068,0,0,0
pass,R8009_M8020,R8009_M8020,outputs/realtime_batch/all_cached/items/R8009_M8020,15,1,scored_with_cached_reference,0.05278,0.13310666666666665,8.032666666666666,True,pass,125,0,0.5754411220550537,0,0,0
