baseline_id,windows,der,miss_rate,fa_rate,conf_rate
fast_base,15,0.28669999999999995,0.19554,0.03890666666666666,0.052239999999999995
slow_base,15,0.16668666666666665,0.039020000000000006,0.06762666666666667,0.060039999999999996
rule_recover_policy_sweep_best,15,0.25609333333333334,0.14670666666666668,0.045786666666666656,0.06355333333333334
rule_recover_matched_label,15,0.2617533333333333,0.14473333333333335,0.05342666666666667,0.06355333333333334
rule_recover_uncovered_only,15,0.25876666666666664,0.15252000000000002,0.041366666666666656,0.06484666666666668
