baseline_id,windows,der,miss_rate,fa_rate,conf_rate
fast_base,15,0.4537866666666667,0.17439333333333332,0.2334933333333333,0.04591333333333334
slow_base,15,0.38220666666666664,0.04054,0.29153999999999997,0.05009333333333334
rule_recover_policy_sweep_best,15,0.43087333333333333,0.1276,0.23688666666666663,0.06640666666666668
rule_recover_matched_label,15,0.42982000000000004,0.12638666666666667,0.23784666666666662,0.06562
rule_recover_uncovered_only,15,0.43405333333333335,0.13078666666666666,0.23570666666666665,0.06758
