baseline_id,windows,der,miss_rate,fa_rate,conf_rate
fast_base,15,0.14543999999999996,0.10804666666666668,0.03156,0.00582
slow_base,15,0.10336666666666665,0.03973333333333333,0.05445999999999999,0.009179999999999999
rule_recover_policy_sweep_best,15,0.13993333333333333,0.09851333333333333,0.033933333333333336,0.007466666666666666
rule_recover_matched_label,15,0.14333333333333328,0.09707333333333333,0.04008000000000001,0.00616
rule_recover_uncovered_only,15,0.13993333333333333,0.09851333333333333,0.033933333333333336,0.007466666666666666
