recording_id,windows,final_der,baseline_der,delta_vs_baseline,delta_vs_baseline_pp,beats_baseline,ties_or_no_gain,source_counts
R8001_M8004,15,0.17919999999999997,0.17919999999999997,0.0,0.0,False,True,{'slow': 15}
R8003_M8001,15,0.35889333333333334,0.38214666666666663,0.023253333333333293,2.3253333333333295,True,False,"{'slow': 14, 'fast_guard_fallback': 1}"
R8007_M8010,15,0.24348000000000003,0.24383333333333337,0.0003533333333333444,0.03533333333333444,True,False,"{'slow': 14, 'recording_context_fast_overlay': 1}"
R8007_M8011,15,0.1588,0.16468666666666668,0.005886666666666679,0.5886666666666679,True,False,"{'rare_short_slow_rule_recover': 1, 'slow': 13, 'rare_audio_rule_recover': 1}"
R8008_M8013,15,0.16668666666666668,0.16668666666666668,0.0,0.0,False,True,{'slow': 15}
R8009_M8018,15,0.10303333333333332,0.10335999999999998,0.00032666666666665567,0.03266666666666557,True,False,"{'slow': 14, 'recording_balanced_fast_overlay': 1}"
R8009_M8019,15,0.05651333333333333,0.057679999999999995,0.001166666666666663,0.11666666666666631,True,False,"{'slow': 14, 'rare_short_slow_rule_recover': 1}"
R8009_M8020,15,0.05278,0.05278,0.0,0.0,False,True,{'slow': 15}
