baseline_id,windows,der,miss_rate,fa_rate,conf_rate
fast_base,15,0.35314666666666666,0.27682666666666667,0.022606666666666667,0.05370666666666667
slow_base,15,0.24382,0.10272666666666665,0.039273333333333334,0.10180666666666667
rule_recover_policy_sweep_best,15,0.34822666666666674,0.26755999999999996,0.02290666666666667,0.057760000000000006
rule_recover_matched_label,15,0.3432733333333334,0.26197333333333334,0.0231,0.05821333333333334
rule_recover_uncovered_only,15,0.34822666666666674,0.26755999999999996,0.02290666666666667,0.057760000000000006
