{
  "runtime_contract": "guarded_slow_selector_validation_no_live_calls_runtime_features_only",
  "status": "weak_dev_gain_not_robust",
  "policy_id": "slow_guarded_fast_fallback_speaker_count_safe",
  "timeline_results": "outputs/rule_writeback_timeline_120/rule_writeback_timeline_results.csv",
  "gate_decisions": "outputs/writeback_gate_120/gate_decisions.csv",
  "runtime_feature_surface": [
    "gate_category=guard_or_quarantine",
    "fast_base.spk_count_pred",
    "slow_base.spk_count_pred"
  ],
  "no_live_calls_performed": true,
  "no_deepseek_api_calls": true,
  "metric_claim_boundary": "development_pool_validation_not_true_heldout",
  "fixed_policy": {
    "threshold": 1,
    "windows": 120,
    "fast_fallback_windows": 1,
    "slow_windows": 119,
    "fallback_blocked_by_speaker_count": 1,
    "fast_der": 0.28563749999999977,
    "slow_der": 0.16880916666666668,
    "final_der": 0.16590083333333333,
    "final_miss_rate": 0.050721666666666665,
    "final_fa_rate": 0.06473833333333333,
    "final_conf_rate": 0.050439166666666695,
    "delta_vs_slow": 0.002908333333333346,
    "delta_vs_slow_pp": 0.2908333333333346,
    "beats_slow": true,
    "delta_vs_fast": 0.11973666666666644,
    "delta_vs_fast_pp": 11.973666666666643,
    "beats_fast": true
  },
  "threshold_scan": [
    {
      "threshold": 1,
      "windows": 120,
      "fast_fallback_windows": 1,
      "slow_windows": 119,
      "fallback_blocked_by_speaker_count": 1,
      "fast_der": 0.28563749999999977,
      "slow_der": 0.16880916666666668,
      "final_der": 0.16590083333333333,
      "final_miss_rate": 0.050721666666666665,
      "final_fa_rate": 0.06473833333333333,
      "final_conf_rate": 0.050439166666666695,
      "delta_vs_slow": 0.002908333333333346,
      "delta_vs_slow_pp": 0.2908333333333346,
      "beats_slow": true,
      "delta_vs_fast": 0.11973666666666644,
      "delta_vs_fast_pp": 11.973666666666643,
      "beats_fast": true
    },
    {
      "threshold": 2,
      "windows": 120,
      "fast_fallback_windows": 1,
      "slow_windows": 119,
      "fallback_blocked_by_speaker_count": 1,
      "fast_der": 0.28563749999999977,
      "slow_der": 0.16880916666666668,
      "final_der": 0.16590083333333333,
      "final_miss_rate": 0.050721666666666665,
      "final_fa_rate": 0.06473833333333333,
      "final_conf_rate": 0.050439166666666695,
      "delta_vs_slow": 0.002908333333333346,
      "delta_vs_slow_pp": 0.2908333333333346,
      "beats_slow": true,
      "delta_vs_fast": 0.11973666666666644,
      "delta_vs_fast_pp": 11.973666666666643,
      "beats_fast": true
    },
    {
      "threshold": 3,
      "windows": 120,
      "fast_fallback_windows": 1,
      "slow_windows": 119,
      "fallback_blocked_by_speaker_count": 1,
      "fast_der": 0.28563749999999977,
      "slow_der": 0.16880916666666668,
      "final_der": 0.16590083333333333,
      "final_miss_rate": 0.050721666666666665,
      "final_fa_rate": 0.06473833333333333,
      "final_conf_rate": 0.050439166666666695,
      "delta_vs_slow": 0.002908333333333346,
      "delta_vs_slow_pp": 0.2908333333333346,
      "beats_slow": true,
      "delta_vs_fast": 0.11973666666666644,
      "delta_vs_fast_pp": 11.973666666666643,
      "beats_fast": true
    },
    {
      "threshold": 5,
      "windows": 120,
      "fast_fallback_windows": 1,
      "slow_windows": 119,
      "fallback_blocked_by_speaker_count": 1,
      "fast_der": 0.28563749999999977,
      "slow_der": 0.16880916666666668,
      "final_der": 0.16590083333333333,
      "final_miss_rate": 0.050721666666666665,
      "final_fa_rate": 0.06473833333333333,
      "final_conf_rate": 0.050439166666666695,
      "delta_vs_slow": 0.002908333333333346,
      "delta_vs_slow_pp": 0.2908333333333346,
      "beats_slow": true,
      "delta_vs_fast": 0.11973666666666644,
      "delta_vs_fast_pp": 11.973666666666643,
      "beats_fast": true
    },
    {
      "threshold": 10,
      "windows": 120,
      "fast_fallback_windows": 1,
      "slow_windows": 119,
      "fallback_blocked_by_speaker_count": 1,
      "fast_der": 0.28563749999999977,
      "slow_der": 0.16880916666666668,
      "final_der": 0.16590083333333333,
      "final_miss_rate": 0.050721666666666665,
      "final_fa_rate": 0.06473833333333333,
      "final_conf_rate": 0.050439166666666695,
      "delta_vs_slow": 0.002908333333333346,
      "delta_vs_slow_pp": 0.2908333333333346,
      "beats_slow": true,
      "delta_vs_fast": 0.11973666666666644,
      "delta_vs_fast_pp": 11.973666666666643,
      "beats_fast": true
    },
    {
      "threshold": 15,
      "windows": 120,
      "fast_fallback_windows": 1,
      "slow_windows": 119,
      "fallback_blocked_by_speaker_count": 1,
      "fast_der": 0.28563749999999977,
      "slow_der": 0.16880916666666668,
      "final_der": 0.16590083333333333,
      "final_miss_rate": 0.050721666666666665,
      "final_fa_rate": 0.06473833333333333,
      "final_conf_rate": 0.050439166666666695,
      "delta_vs_slow": 0.002908333333333346,
      "delta_vs_slow_pp": 0.2908333333333346,
      "beats_slow": true,
      "delta_vs_fast": 0.11973666666666644,
      "delta_vs_fast_pp": 11.973666666666643,
      "beats_fast": true
    },
    {
      "threshold": 20,
      "windows": 120,
      "fast_fallback_windows": 0,
      "slow_windows": 120,
      "fallback_blocked_by_speaker_count": 1,
      "fast_der": 0.28563749999999977,
      "slow_der": 0.16880916666666668,
      "final_der": 0.16880916666666668,
      "final_miss_rate": 0.049854166666666665,
      "final_fa_rate": 0.06916249999999999,
      "final_conf_rate": 0.049790000000000015,
      "delta_vs_slow": 0.0,
      "delta_vs_slow_pp": 0.0,
      "beats_slow": false,
      "delta_vs_fast": 0.11682833333333309,
      "delta_vs_fast_pp": 11.68283333333331,
      "beats_fast": true
    },
    {
      "threshold": 999,
      "windows": 120,
      "fast_fallback_windows": 0,
      "slow_windows": 120,
      "fallback_blocked_by_speaker_count": 0,
      "fast_der": 0.28563749999999977,
      "slow_der": 0.16880916666666668,
      "final_der": 0.16880916666666668,
      "final_miss_rate": 0.049854166666666665,
      "final_fa_rate": 0.06916249999999999,
      "final_conf_rate": 0.049790000000000015,
      "delta_vs_slow": 0.0,
      "delta_vs_slow_pp": 0.0,
      "beats_slow": false,
      "delta_vs_fast": 0.11682833333333309,
      "delta_vs_fast_pp": 11.68283333333331,
      "beats_fast": true
    }
  ],
  "per_recording": [
    {
      "recording_id": "R8001_M8004",
      "threshold": 1,
      "windows": 15,
      "fast_fallback_windows": 0,
      "slow_windows": 15,
      "fallback_blocked_by_speaker_count": 0,
      "fast_der": 0.4834733333333334,
      "slow_der": 0.17919999999999994,
      "final_der": 0.17919999999999994,
      "final_miss_rate": 0.07925333333333334,
      "final_fa_rate": 0.02793333333333334,
      "final_conf_rate": 0.07201333333333332,
      "delta_vs_slow": 0.0,
      "delta_vs_slow_pp": 0.0,
      "beats_slow": false,
      "delta_vs_fast": 0.3042733333333335,
      "delta_vs_fast_pp": 30.42733333333335,
      "beats_fast": true,
      "positive_vs_slow": false
    },
    {
      "recording_id": "R8003_M8001",
      "threshold": 1,
      "windows": 15,
      "fast_fallback_windows": 1,
      "slow_windows": 14,
      "fallback_blocked_by_speaker_count": 1,
      "fast_der": 0.4537866666666667,
      "slow_der": 0.38220666666666664,
      "final_der": 0.3589399999999999,
      "final_miss_rate": 0.04748,
      "final_fa_rate": 0.25614666666666663,
      "final_conf_rate": 0.05528666666666667,
      "delta_vs_slow": 0.023266666666666713,
      "delta_vs_slow_pp": 2.3266666666666715,
      "beats_slow": true,
      "delta_vs_fast": 0.0948466666666668,
      "delta_vs_fast_pp": 9.48466666666668,
      "beats_fast": true,
      "positive_vs_slow": true
    },
    {
      "recording_id": "R8007_M8010",
      "threshold": 1,
      "windows": 15,
      "fast_fallback_windows": 0,