beats_fast,beats_slow,delta_vs_fast,delta_vs_fast_pp,delta_vs_slow,delta_vs_slow_pp,fallback_blocked_by_speaker_count,fast_der,fast_fallback_windows,final_conf_rate,final_der,final_fa_rate,final_miss_rate,slow_der,slow_windows,threshold,windows
True,True,0.11973666666666644,11.973666666666643,0.002908333333333346,0.2908333333333346,1,0.28563749999999977,1,0.050439166666666695,0.16590083333333333,0.06473833333333333,0.050721666666666665,0.16880916666666668,119,1,120
True,True,0.11973666666666644,11.973666666666643,0.002908333333333346,0.2908333333333346,1,0.28563749999999977,1,0.050439166666666695,0.16590083333333333,0.06473833333333333,0.050721666666666665,0.16880916666666668,119,2,120
True,True,0.11973666666666644,11.973666666666643,0.002908333333333346,0.2908333333333346,1,0.28563749999999977,1,0.050439166666666695,0.16590083333333333,0.06473833333333333,0.050721666666666665,0.16880916666666668,119,3,120
True,True,0.11973666666666644,11.973666666666643,0.002908333333333346,0.2908333333333346,1,0.28563749999999977,1,0.050439166666666695,0.16590083333333333,0.06473833333333333,0.050721666666666665,0.16880916666666668,119,5,120
True,True,0.11973666666666644,11.973666666666643,0.002908333333333346,0.2908333333333346,1,0.28563749999999977,1,0.050439166666666695,0.16590083333333333,0.06473833333333333,0.050721666666666665,0.16880916666666668,119,10,120
True,True,0.11973666666666644,11.973666666666643,0.002908333333333346,0.2908333333333346,1,0.28563749999999977,1,0.050439166666666695,0.16590083333333333,0.06473833333333333,0.050721666666666665,0.16880916666666668,119,15,120
True,False,0.11682833333333309,11.68283333333331,0.0,0.0,1,0.28563749999999977,0,0.049790000000000015,0.16880916666666668,0.06916249999999999,0.049854166666666665,0.16880916666666668,120,20,120
True,False,0.11682833333333309,11.68283333333331,0.0,0.0,0,0.28563749999999977,0,0.049790000000000015,0.16880916666666668,0.06916249999999999,0.049854166666666665,0.16880916666666668,120,999,120
