beats_fast,beats_slow,delta_vs_fast,delta_vs_fast_pp,delta_vs_slow,delta_vs_slow_pp,fallback_blocked_by_speaker_count,fast_der,fast_fallback_windows,final_conf_rate,final_der,final_fa_rate,final_miss_rate,positive_vs_slow,recording_id,slow_der,slow_windows,threshold,windows
True,False,0.3042733333333335,30.42733333333335,0.0,0.0,0,0.4834733333333334,0,0.07201333333333332,0.17919999999999994,0.02793333333333334,0.07925333333333334,False,R8001_M8004,0.17919999999999994,15,1,15
True,True,0.0948466666666668,9.48466666666668,0.023266666666666713,2.3266666666666715,1,0.4537866666666667,1,0.05528666666666667,0.3589399999999999,0.25614666666666663,0.04748,True,R8003_M8001,0.38220666666666664,14,1,15
True,False,0.10932666666666666,10.932666666666666,0.0,0.0,0,0.35314666666666666,0,0.10180666666666667,0.24382,0.039273333333333334,0.10272666666666665,False,R8007_M8010,0.24382,15,1,15
True,False,0.13700666666666667,13.700666666666667,0.0,0.0,0,0.30169999999999997,0,0.10416666666666667,0.1646933333333333,0.03507333333333333,0.02544666666666667,False,R8007_M8011,0.1646933333333333,15,1,15
True,False,0.1200133333333333,12.001333333333331,0.0,0.0,0,0.28669999999999995,0,0.060039999999999996,0.16668666666666665,0.06762666666666667,0.039020000000000006,False,R8008_M8013,0.16668666666666665,15,1,15
True,False,0.04207333333333331,4.207333333333331,0.0,0.0,0,0.14543999999999996,0,0.009179999999999999,0.10336666666666665,0.05445999999999999,0.03973333333333333,False,R8009_M8018,0.10336666666666665,15,1,15
True,False,0.07006000000000001,7.006000000000001,0.0,0.0,0,0.12774666666666668,0,0.0007066666666666666,0.057686666666666664,0.02102666666666667,0.03597333333333333,False,R8009_M8019,0.057686666666666664,15,1,15
True,False,0.08029333333333333,8.029333333333334,0.0,0.0,0,0.13310666666666665,0,0.0003133333333333333,0.05281333333333333,0.016366666666666668,0.03614,False,R8009_M8020,0.05281333333333333,15,1,15
